'Albany','ALP'
'Armadale','ALP'
'Balcatta','ALP'
'Baldivis','ALP'
'Bassendean','ALP'
'Bateman','ALP'
'Belmont','ALP'
'Bicton','ALP'
'Bunbury','ALP'
'BurnsBeach','ALP'
'Butler','ALP'
'Cannington','ALP'
'Carine','ALP'
'CentralWheatbelt','ALP'
'Churchlands','ALP'
'Cockburn','ALP'
'ColliePreston','ALP'
'Cottesloe','ALP'
'DarlingRange','ALP'
'Dawesville','ALP'
'Forrestfield','ALP'
'Fremantle','ALP'
'Geraldton','ALP'
'Hillarys','ALP'
'Jandakot','ALP'
'Joondalup','ALP'
'Kalamunda','ALP'
'Kalgoorlie','ALP'
'Kimberley','ALP'
'Kingsley','ALP'
'Kwinana','ALP'
'Landsdale','ALP'
'Mandurah','ALP'
'Maylands','ALP'
'Midland','ALP'
'Mirrabooka','ALP'
'Moore','ALP'
'Morley','ALP'
'MountLawley','ALP'
'MurrayWellington','ALP'
'Nedlands','ALP'
'NorthWestCentral','ALP'
'Perth','ALP'
'Pilbara','ALP'
'Riverton','ALP'
'Rockingham','ALP'
'Roe','ALP'
'Scarborough','ALP'
'SouthPerth','ALP'
'SouthernRiver','ALP'
'SwanHills','ALP'
'Thornlie','ALP'
'Vasse','ALP'
'VictoriaPark','ALP'
'Wanneroo','ALP'
'Warnbro','ALP'
'WarrenBlackwood','ALP'
'WestSwan','ALP'
'Willagee','ALP'
